id,attribute_id,attribute_tag,tag,merged_tag,text,keyword,description
,,att_acquisition,,,,,
,,att_analysis_mode,,,,,
,,att_cell,,,,,
,,att_cellline,,,,,
,,att_compound,,,,,
,,att_dataset,,,,,
,,att_digestion_method,,,,,
,,att_experiment,,,,,
,,att_lc_system,,,,,
,,att_model,,,,,
,,att_ms,,,,,
,,att_organ,,,,,
,,att_organism,,,,,
,,att_organsystem,,,,,
,,att_quantification,,,,,
,,att_signalling,,,,,
,,att_software,,,,,
,,att_tissue,,,,,
,,att_disease,,,,,
,,att_spatial_fraction,,,,,
,,att_subcellular_compartment,,,,,
